{
  "PCGATE": {
    "Small": {
      "f1_mean": 0.8031549405462671,
      "f1_std": 0.09378476164957726,
      "prec_mean": 0.7035183503399279,
      "recall_mean": 0.9507144951997892,
      "auc_pr_mean": 0.8453715202582913,
      "ndcg15_mean": 0.8413532644863834,
      "n_cases": 24
    },
    "Medium": {
      "f1_mean": 0.9357181333112626,
      "f1_std": 0.05647005218053561,
      "prec_mean": 0.9326743182743183,
      "recall_mean": 0.9435864914029832,
      "auc_pr_mean": 0.9098946213132351,
      "ndcg15_mean": 0.7858018115253073,
      "n_cases": 25
    },
    "Large": {
      "f1_mean": 0.728818475979373,
      "f1_std": 0.09553897653722186,
      "prec_mean": 0.5897194742732974,
      "recall_mean": 0.9754072039072039,
      "auc_pr_mean": 0.8691297321578582,
      "ndcg15_mean": 0.8235330100805014,
      "n_cases": 25
    }
  },
  "PCVGAE": {
    "Small": {
      "f1_mean": 0.7981560271082722,
      "f1_std": 0.08834196481323692,
      "prec_mean": 0.6924276935878766,
      "recall_mean": 0.95850290885585,
      "auc_pr_mean": 0.8579870503422602,
      "ndcg15_mean": 0.8380660348044947,
      "n_cases": 25
    },
    "Medium": {
      "f1_mean": 0.9245683390124139,
      "f1_std": 0.06976742685582933,
      "prec_mean": 0.9144673956062261,
      "recall_mean": 0.9398916655780224,
      "auc_pr_mean": 0.9090750299505953,
      "ndcg15_mean": 0.7966356277855178,
      "n_cases": 25
    },
    "Large": {
      "f1_mean": 0.7056561646712228,
      "f1_std": 0.10452843936298128,
      "prec_mean": 0.5619924519369797,
      "recall_mean": 0.9748119658119658,
      "auc_pr_mean": 0.8665347366261684,
      "ndcg15_mean": 0.8149165121043555,
      "n_cases": 25
    }
  },
  "GATE": {
    "Small": {
      "f1_mean": 0.5897527933809696,
      "f1_std": 0.07959793382630055,
      "prec_mean": 0.4251428571428571,
      "recall_mean": 0.9837564102564103,
      "auc_pr_mean": 0.9054287620986122,
      "ndcg15_mean": 0.8169027953990537,
      "n_cases": 25
    },
    "Medium": {
      "f1_mean": 0.7773937691146336,
      "f1_std": 0.07680973699055282,
      "prec_mean": 0.672,
      "recall_mean": 0.9288926069099982,
      "auc_pr_mean": 0.8320726193617253,
      "ndcg15_mean": 0.6764650272294572,
      "n_cases": 25
    },
    "Large": {
      "f1_mean": 0.4754526373863735,
      "f1_std": 0.10179246604234948,
      "prec_mean": 0.3405714285714286,
      "recall_mean": 0.8153252335899396,
      "auc_pr_mean": 0.5406760228419816,
      "ndcg15_mean": 0.5832846754167705,
      "n_cases": 25
    }
  },
  "Peter-Clark": {
    "Small": {
      "f1_mean": 0.6253234594249314,
      "f1_std": 0.13140066375518847,
      "prec_mean": 0.5214621531231851,
      "recall_mean": 0.8721460892049129,
      "auc_pr_mean": 0.6567854803370489,
      "ndcg15_mean": 0.7393155769522056,
      "n_cases": 25
    },
    "Medium": {
      "f1_mean": 0.768825719363052,
      "f1_std": 0.09700838726657178,
      "prec_mean": 0.6921080287833609,
      "recall_mean": 0.8775612305513356,
      "auc_pr_mean": 0.7802899858542355,
      "ndcg15_mean": 0.6622259312107714,
      "n_cases": 25
    },
    "Large": {
      "f1_mean": 0.5984669667500312,
      "f1_std": 0.12454578703435626,
      "prec_mean": 0.4753934640522876,
      "recall_mean": 0.8541634933693757,
      "auc_pr_mean": 0.7992184598846116,
      "ndcg15_mean": 0.8683363809449071,
      "n_cases": 25
    }
  },
  "IF-PDAG": {
    "Small": {
      "f1_mean": 0.464583651758871,
      "f1_std": 0.10976561025768976,
      "prec_mean": 0.33485714285714285,
      "recall_mean": 0.7770414356884946,
      "auc_pr_mean": 0.6452073306997065,
      "ndcg15_mean": 0.7798662273607718,
      "n_cases": 25
    },
    "Medium": {
      "f1_mean": 0.5739893815288474,
      "f1_std": 0.12988881697669968,
      "prec_mean": 0.4971428571428571,
      "recall_mean": 0.6836752722096051,
      "auc_pr_mean": 0.5941410124501444,
      "ndcg15_mean": 0.7806505764584739,
      "n_cases": 25
    },
    "Large": {
      "f1_mean": 0.46828498711791633,
      "f1_std": 0.09434029439939905,
      "prec_mean": 0.33485714285714285,
      "recall_mean": 0.8062065516183163,
      "auc_pr_mean": 0.5565512219597689,
      "ndcg15_mean": 0.7155279085120344,
      "n_cases": 25
    }
  },
  "CommonNeighbors": {
    "Small": {
      "f1_mean": 0.6313928764727564,
      "f1_std": 0.11179624560993841,
      "prec_mean": 0.4988742109145194,
      "recall_mean": 0.9079207502164158,
      "auc_pr_mean": 0.6976037624388576,
      "ndcg15_mean": 0.7840619904248263,
      "n_cases": 25
    },
    "Medium": {
      "f1_mean": 0.7393004495000554,
      "f1_std": 0.07744337855945446,
      "prec_mean": 0.640952380952381,
      "recall_mean": 0.8801898325451549,
      "auc_pr_mean": 0.6589128946396682,
      "ndcg15_mean": 0.6649366338362054,
      "n_cases": 25
    },
    "Large": {
      "f1_mean": 0.46465791240012655,
      "f1_std": 0.1277018915674063,
      "prec_mean": 0.33485714285714285,
      "recall_mean": 0.7827243149007856,
      "auc_pr_mean": 0.3177045427454008,
      "ndcg15_mean": 0.46700332830322483,
      "n_cases": 25
    }
  },
  "GAT": {
    "Small": {
      "f1_mean": 0.582832082100506,
      "f1_std": 0.0684281005168654,
      "prec_mean": 0.41942857142857143,
      "recall_mean": 0.9752228163992871,
      "auc_pr_mean": 0.7113032018962708,
      "ndcg15_mean": 0.7136868399124121,
      "n_cases": 25
    },
    "Medium": {
      "f1_mean": 0.7235571774783783,
      "f1_std": 0.10054557404368503,
      "prec_mean": 0.6262857142857142,
      "recall_mean": 0.8631088677772335,
      "auc_pr_mean": 0.662653723628985,
      "ndcg15_mean": 0.6597009774236122,
      "n_cases": 25
    },
    "Large": {
      "f1_mean": 0.4337307208554774,
      "f1_std": 0.11161099216115296,
      "prec_mean": 0.31085714285714283,
      "recall_mean": 0.739944477091536,
      "auc_pr_mean": 0.28305779236175105,
      "ndcg15_mean": 0.47378663887661454,
      "n_cases": 25
    }
  },
  "VGAE": {
    "Small": {
      "f1_mean": 0.5607955096199386,
      "f1_std": 0.08918540620065528,
      "prec_mean": 0.40457142857142847,
      "recall_mean": 0.9338521152050564,
      "auc_pr_mean": 0.6784236570558481,
      "ndcg15_mean": 0.686037280269832,
      "n_cases": 25
    },
    "Medium": {
      "f1_mean": 0.6452912917527912,
      "f1_std": 0.12024696851034651,
      "prec_mean": 0.5607142857142857,
      "recall_mean": 0.76466431418268,
      "auc_pr_mean": 0.6225354120140585,
      "ndcg15_mean": 0.6702859424713242,
      "n_cases": 24
    },
    "Large": {
      "f1_mean": 0.3518553476219628,
      "f1_std": 0.14600428642390695,
      "prec_mean": 0.2523809523809524,
      "recall_mean": 0.6022129014776073,
      "auc_pr_mean": 0.3737306896044153,
      "ndcg15_mean": 0.558296746134208,
      "n_cases": 24
    }
  },
  "TransE": {
    "Small": {
      "f1_mean": 0.5713105472925188,
      "f1_std": 0.12431616736965877,
      "prec_mean": 0.4704120144616749,
      "recall_mean": 0.8228763493128818,
      "auc_pr_mean": 0.5031096045257721,
      "ndcg15_mean": 0.7471748294161855,
      "n_cases": 25
    },
    "Medium": {
      "f1_mean": 0.10852274344532407,
      "f1_std": 0.16126290172839552,
      "prec_mean": 0.37333333333333335,
      "recall_mean": 0.06639322646369122,
      "auc_pr_mean": 0.05762100123267583,
      "ndcg15_mean": 0.3507335857237725,
      "n_cases": 25
    },
    "Large": {
      "f1_mean": 0.0,
      "f1_std": 0.0,
      "prec_mean": 0.0,
      "recall_mean": 0.0,
      "auc_pr_mean": 0.0,
      "ndcg15_mean": 0.0,
      "n_cases": 25
    }
  },
  "CDHC": {
    "Small": {
      "f1_mean": 0.42171931901863063,
      "f1_std": 0.10077172854406496,
      "prec_mean": 0.3036453201970443,
      "recall_mean": 0.7043407902726787,
      "auc_pr_mean": 0.503985161776815,
      "ndcg15_mean": 0.7537363176756829,
      "n_cases": 25
    },
    "Medium": {
      "f1_mean": 0.43357345810698567,
      "f1_std": 0.10178388788076669,